--
-- PostgreSQL database dump
--

-- Dumped from database version 15.13
-- Dumped by pg_dump version 15.13

SET statement_timeout = 0;
SET lock_timeout = 0;
SET idle_in_transaction_session_timeout = 0;
SET client_encoding = 'UTF8';
SET standard_conforming_strings = on;
SELECT pg_catalog.set_config('search_path', '', false);
SET check_function_bodies = false;
SET xmloption = content;
SET client_min_messages = warning;
SET row_security = off;

DROP DATABASE IF EXISTS db;
--
-- Name: db; Type: DATABASE; Schema: -; Owner: postgres
--

CREATE DATABASE db WITH TEMPLATE = template0 ENCODING = 'UTF8' LOCALE_PROVIDER = libc LOCALE = 'en_US.utf8';


ALTER DATABASE db OWNER TO postgres;

\connect db

SET statement_timeout = 0;
SET lock_timeout = 0;
SET idle_in_transaction_session_timeout = 0;
SET client_encoding = 'UTF8';
SET standard_conforming_strings = on;
SELECT pg_catalog.set_config('search_path', '', false);
SET check_function_bodies = false;
SET xmloption = content;
SET client_min_messages = warning;
SET row_security = off;

SET default_tablespace = '';

SET default_table_access_method = heap;

--
-- Name: accessibility_features; Type: TABLE; Schema: public; Owner: postgres
--

CREATE TABLE public.accessibility_features (
    id uuid NOT NULL,
    accessibility_feature character varying(255),
    CONSTRAINT accessibility_features_accessibility_feature_check CHECK (((accessibility_feature)::text = ANY (ARRAY[('RAMPS'::character varying)::text, ('WHEELCHAIRS'::character varying)::text, ('ELEVATORS'::character varying)::text, ('STAIRS'::character varying)::text])))
);


ALTER TABLE public.accessibility_features OWNER TO postgres;

--
-- Name: entity_test; Type: TABLE; Schema: public; Owner: postgres
--

CREATE TABLE public.entity_test (
    id integer NOT NULL,
    name character varying(255)
);


ALTER TABLE public.entity_test OWNER TO postgres;

--
-- Name: entity_test_id_seq; Type: SEQUENCE; Schema: public; Owner: postgres
--

ALTER TABLE public.entity_test ALTER COLUMN id ADD GENERATED BY DEFAULT AS IDENTITY (
    SEQUENCE NAME public.entity_test_id_seq
    START WITH 1
    INCREMENT BY 1
    NO MINVALUE
    NO MAXVALUE
    CACHE 1
);


--
-- Name: facilities; Type: TABLE; Schema: public; Owner: postgres
--

CREATE TABLE public.facilities (
    id uuid NOT NULL,
    facility character varying(255),
    CONSTRAINT facilities_facility_check CHECK (((facility)::text = ANY (ARRAY[('LIB'::character varying)::text, ('LAB'::character varying)::text, ('GYM'::character varying)::text, ('CAF'::character varying)::text, ('AUD'::character varying)::text, ('PGD'::character varying)::text, ('SWP'::character varying)::text, ('ART'::character varying)::text, ('MUS'::character varying)::text, ('CLAB'::character varying)::text, ('SFLD'::character varying)::text])))
);


ALTER TABLE public.facilities OWNER TO postgres;

--
-- Name: industry_partnerships; Type: TABLE; Schema: public; Owner: postgres
--

CREATE TABLE public.industry_partnerships (
    id uuid NOT NULL,
    industry_partnership character varying(255)
);


ALTER TABLE public.industry_partnerships OWNER TO postgres;

--
-- Name: school_academics; Type: TABLE; Schema: public; Owner: postgres
--

CREATE TABLE public.school_academics (
    languages_of_instruction integer NOT NULL,
    id uuid NOT NULL,
    accreditation_docs_links character varying(255)
);


ALTER TABLE public.school_academics OWNER TO postgres;

--
-- Name: school_accreditations; Type: TABLE; Schema: public; Owner: postgres
--

CREATE TABLE public.school_accreditations (
    school_id uuid NOT NULL,
    accreditation character varying(255),
    CONSTRAINT school_accreditations_accreditation_check CHECK (((accreditation)::text = ANY (ARRAY[('IB'::character varying)::text, ('BSO'::character varying)::text, ('CIS'::character varying)::text, ('Cognia'::character varying)::text, ('AEFE'::character varying)::text, ('NEASC'::character varying)::text, ('WASC'::character varying)::text, ('MSA'::character varying)::text, ('SACS'::character varying)::text, ('ACSI'::character varying)::text])))
);


ALTER TABLE public.school_accreditations OWNER TO postgres;

--
-- Name: school_curriculums; Type: TABLE; Schema: public; Owner: postgres
--

CREATE TABLE public.school_curriculums (
    school_id uuid NOT NULL,
    curriculum character varying(255),
    CONSTRAINT school_curriculums_curriculum_check CHECK (((curriculum)::text = ANY (ARRAY[('UK'::character varying)::text, ('US'::character varying)::text, ('IB'::character varying)::text, ('CBSE'::character varying)::text, ('IGCSE'::character varying)::text, ('AL'::character varying)::text, ('FR'::character varying)::text, ('DE'::character varying)::text])))
);


ALTER TABLE public.school_curriculums OWNER TO postgres;

--
-- Name: school_facilities; Type: TABLE; Schema: public; Owner: postgres
--

CREATE TABLE public.school_facilities (
    ai_integration boolean NOT NULL,
    safety_compliance boolean NOT NULL,
    id uuid NOT NULL,
    awards_and_recognitions character varying(255),
    csr_activities character varying(255),
    technology_readiness character varying(255),
    CONSTRAINT school_facilities_technology_readiness_check CHECK (((technology_readiness)::text = ANY (ARRAY[('HIGH'::character varying)::text, ('MEDIUM'::character varying)::text, ('LOW'::character varying)::text])))
);


ALTER TABLE public.school_facilities OWNER TO postgres;

--
-- Name: school_levels; Type: TABLE; Schema: public; Owner: postgres
--

CREATE TABLE public.school_levels (
    school_id uuid NOT NULL,
    level character varying(255),
    CONSTRAINT school_levels_level_check CHECK (((level)::text = ANY (ARRAY[('KG'::character varying)::text, ('PRI'::character varying)::text, ('MS'::character varying)::text, ('SEC'::character varying)::text, ('HS'::character varying)::text, ('AL'::character varying)::text, ('IB'::character varying)::text, ('PS'::character varying)::text, ('EL'::character varying)::text, ('MID'::character varying)::text, ('HIG'::character varying)::text, ('UNI'::character varying)::text])))
);


ALTER TABLE public.school_levels OWNER TO postgres;

--
-- Name: school_media; Type: TABLE; Schema: public; Owner: postgres
--

CREATE TABLE public.school_media (
    id uuid NOT NULL,
    bqa_report_link character varying(255),
    brochure_link character varying(255),
    gallery_link character varying(255),
    video_tour_link character varying(255)
);


ALTER TABLE public.school_media OWNER TO postgres;

--
-- Name: school_staff; Type: TABLE; Schema: public; Owner: postgres
--

CREATE TABLE public.school_staff (
    last_inspection_date date,
    staff_size_estimate integer NOT NULL,
    id uuid NOT NULL,
    leadership_profile_link character varying(255),
    leadership_team character varying(255),
    professional_development character varying(255),
    teacher_qualifications character varying(255)
);


ALTER TABLE public.school_staff OWNER TO postgres;

--
-- Name: school_staff_languages; Type: TABLE; Schema: public; Owner: postgres
--

CREATE TABLE public.school_staff_languages (
    school_staff_id uuid NOT NULL,
    language character varying(255),
    CONSTRAINT school_staff_languages_language_check CHECK (((language)::text = ANY (ARRAY[('en'::character varying)::text, ('es'::character varying)::text, ('ar'::character varying)::text, ('fr'::character varying)::text, ('pt'::character varying)::text, ('de'::character varying)::text, ('it'::character varying)::text, ('ja'::character varying)::text, ('ru'::character varying)::text, ('ko'::character varying)::text, ('zh'::character varying)::text, ('hi'::character varying)::text, ('other'::character varying)::text])))
);


ALTER TABLE public.school_staff_languages OWNER TO postgres;

--
-- Name: school_staff_nationalities; Type: TABLE; Schema: public; Owner: postgres
--

CREATE TABLE public.school_staff_nationalities (
    school_staff_id uuid NOT NULL,
    country character varying(255),
    CONSTRAINT school_staff_nationalities_country_check CHECK (((country)::text = ANY (ARRAY[('BH'::character varying)::text, ('KW'::character varying)::text, ('OM'::character varying)::text, ('QA'::character varying)::text, ('SA'::character varying)::text, ('AE'::character varying)::text])))
);


ALTER TABLE public.school_staff_nationalities OWNER TO postgres;

--
-- Name: schools; Type: TABLE; Schema: public; Owner: postgres
--

CREATE TABLE public.schools (
    forms_completed boolean NOT NULL,
    last_form_step integer,
    type smallint NOT NULL,
    year_established integer NOT NULL,
    created_at timestamp(6) without time zone NOT NULL,
    updated_at timestamp(6) without time zone NOT NULL,
    id uuid NOT NULL,
    address character varying(255) NOT NULL,
    city character varying(255) NOT NULL,
    country character varying(255) NOT NULL,
    email character varying(255) NOT NULL,
    name character varying(255) NOT NULL,
    phone_number character varying(255) NOT NULL,
    website character varying(255),
    CONSTRAINT schools_country_check CHECK (((country)::text = ANY (ARRAY[('BH'::character varying)::text, ('KW'::character varying)::text, ('OM'::character varying)::text, ('QA'::character varying)::text, ('SA'::character varying)::text, ('AE'::character varying)::text]))),
    CONSTRAINT schools_type_check CHECK (((type >= 0) AND (type <= 3)))
);


ALTER TABLE public.schools OWNER TO postgres;

--
-- Name: sustainability_practices; Type: TABLE; Schema: public; Owner: postgres
--

CREATE TABLE public.sustainability_practices (
    id uuid NOT NULL,
    sustainability_practice character varying(255),
    CONSTRAINT sustainability_practices_sustainability_practice_check CHECK (((sustainability_practice)::text = ANY (ARRAY[('SOLAR'::character varying)::text, ('RECYCLING'::character varying)::text, ('WATER_CONSERVATION'::character varying)::text, ('ENERGY_EFFICIENT_LIGHTING'::character varying)::text, ('GREEN_SPACES'::character varying)::text])))
);


ALTER TABLE public.sustainability_practices OWNER TO postgres;

--
-- Name: university_destinations; Type: TABLE; Schema: public; Owner: postgres
--

CREATE TABLE public.university_destinations (
    id uuid NOT NULL,
    university_destination character varying(255)
);


ALTER TABLE public.university_destinations OWNER TO postgres;

--
-- Name: user_schools; Type: TABLE; Schema: public; Owner: postgres
--

CREATE TABLE public.user_schools (
    id uuid NOT NULL,
    school_id uuid NOT NULL,
    user_id uuid NOT NULL
);


ALTER TABLE public.user_schools OWNER TO postgres;

--
-- Name: users; Type: TABLE; Schema: public; Owner: postgres
--

CREATE TABLE public.users (
    created_at timestamp(6) without time zone NOT NULL,
    updated_at timestamp(6) without time zone NOT NULL,
    id uuid NOT NULL,
    email character varying(255) NOT NULL,
    first_name character varying(255) NOT NULL,
    last_name character varying(255) NOT NULL,
    password character varying(255) NOT NULL,
    role character varying(255),
    CONSTRAINT users_role_check CHECK (((role)::text = ANY (ARRAY[('SUPER_ADMIN'::character varying)::text, ('ADMIN'::character varying)::text, ('USER'::character varying)::text])))
);


ALTER TABLE public.users OWNER TO postgres;

--
-- Data for Name: accessibility_features; Type: TABLE DATA; Schema: public; Owner: postgres
--

COPY public.accessibility_features (id, accessibility_feature) FROM stdin;
5d82a4e6-bf83-4065-acef-c585f1da8d1e	ELEVATORS
1c908eab-8f65-41b4-9bb8-d659caa41d79	STAIRS
\.


--
-- Data for Name: entity_test; Type: TABLE DATA; Schema: public; Owner: postgres
--

COPY public.entity_test (id, name) FROM stdin;
\.


--
-- Data for Name: facilities; Type: TABLE DATA; Schema: public; Owner: postgres
--

COPY public.facilities (id, facility) FROM stdin;
5d82a4e6-bf83-4065-acef-c585f1da8d1e	CLAB
1c908eab-8f65-41b4-9bb8-d659caa41d79	LIB
1c908eab-8f65-41b4-9bb8-d659caa41d79	CAF
1c908eab-8f65-41b4-9bb8-d659caa41d79	LAB
1c908eab-8f65-41b4-9bb8-d659caa41d79	AUD
1c908eab-8f65-41b4-9bb8-d659caa41d79	SFLD
1c908eab-8f65-41b4-9bb8-d659caa41d79	PGD
1c908eab-8f65-41b4-9bb8-d659caa41d79	GYM
\.


--
-- Data for Name: industry_partnerships; Type: TABLE DATA; Schema: public; Owner: postgres
--

COPY public.industry_partnerships (id, industry_partnership) FROM stdin;
5d82a4e6-bf83-4065-acef-c585f1da8d1e	jjj
1c908eab-8f65-41b4-9bb8-d659caa41d79	iWorldConnect
\.


--
-- Data for Name: school_academics; Type: TABLE DATA; Schema: public; Owner: postgres
--

COPY public.school_academics (languages_of_instruction, id, accreditation_docs_links) FROM stdin;
3	5d82a4e6-bf83-4065-acef-c585f1da8d1e	
1	1c908eab-8f65-41b4-9bb8-d659caa41d79	
\.


--
-- Data for Name: school_accreditations; Type: TABLE DATA; Schema: public; Owner: postgres
--

COPY public.school_accreditations (school_id, accreditation) FROM stdin;
5d82a4e6-bf83-4065-acef-c585f1da8d1e	Cognia
5d82a4e6-bf83-4065-acef-c585f1da8d1e	IB
1c908eab-8f65-41b4-9bb8-d659caa41d79	IB
1c908eab-8f65-41b4-9bb8-d659caa41d79	MSA
\.


--
-- Data for Name: school_curriculums; Type: TABLE DATA; Schema: public; Owner: postgres
--

COPY public.school_curriculums (school_id, curriculum) FROM stdin;
5d82a4e6-bf83-4065-acef-c585f1da8d1e	IGCSE
5d82a4e6-bf83-4065-acef-c585f1da8d1e	AL
1c908eab-8f65-41b4-9bb8-d659caa41d79	IB
1c908eab-8f65-41b4-9bb8-d659caa41d79	US
\.


--
-- Data for Name: school_facilities; Type: TABLE DATA; Schema: public; Owner: postgres
--

COPY public.school_facilities (ai_integration, safety_compliance, id, awards_and_recognitions, csr_activities, technology_readiness) FROM stdin;
t	f	5d82a4e6-bf83-4065-acef-c585f1da8d1e	;;;l	jjj jjjjjjj	MEDIUM
f	t	1c908eab-8f65-41b4-9bb8-d659caa41d79	INJAZ appreciation ceremony in 2023, receiving Signature Awards for student initiatives in 2022, winning first place in a 2022 football league, and hosting internal "Distinguished Dragon Awards" for outstanding students and staff	The school encourages engagement in community service and service learning through its Creativity, Activity, Service (CAS) program, especially for IB Diploma Programme students. 	MEDIUM
\.


--
-- Data for Name: school_levels; Type: TABLE DATA; Schema: public; Owner: postgres
--

COPY public.school_levels (school_id, level) FROM stdin;
5d82a4e6-bf83-4065-acef-c585f1da8d1e	MS
5d82a4e6-bf83-4065-acef-c585f1da8d1e	PRI
5d82a4e6-bf83-4065-acef-c585f1da8d1e	KG
5d82a4e6-bf83-4065-acef-c585f1da8d1e	HS
5d82a4e6-bf83-4065-acef-c585f1da8d1e	SEC
5d82a4e6-bf83-4065-acef-c585f1da8d1e	AL
1c908eab-8f65-41b4-9bb8-d659caa41d79	MS
1c908eab-8f65-41b4-9bb8-d659caa41d79	MID
1c908eab-8f65-41b4-9bb8-d659caa41d79	KG
1c908eab-8f65-41b4-9bb8-d659caa41d79	HS
1c908eab-8f65-41b4-9bb8-d659caa41d79	EL
1c908eab-8f65-41b4-9bb8-d659caa41d79	HIG
1c908eab-8f65-41b4-9bb8-d659caa41d79	PS
1c908eab-8f65-41b4-9bb8-d659caa41d79	IB
\.


--
-- Data for Name: school_media; Type: TABLE DATA; Schema: public; Owner: postgres
--

COPY public.school_media (id, bqa_report_link, brochure_link, gallery_link, video_tour_link) FROM stdin;
1c908eab-8f65-41b4-9bb8-d659caa41d79	https://www.bqa.gov.bh/wp-content/uploads/2024/10/Modern-Knowldge-En-C3-RR.pdf	https://mks.edu.bh/wp-content/uploads/2024/01/MKS-MS-Student-Parent-Handbook.pdf	\N	\N
\.


--
-- Data for Name: school_staff; Type: TABLE DATA; Schema: public; Owner: postgres
--

COPY public.school_staff (last_inspection_date, staff_size_estimate, id, leadership_profile_link, leadership_team, professional_development, teacher_qualifications) FROM stdin;
2025-09-12	5	5d82a4e6-bf83-4065-acef-c585f1da8d1e	https://www.linkedin.com/feed/	jjjhhhhk kkk	gjttrttrrrr	jjjlkklllm 
\N	136	1c908eab-8f65-41b4-9bb8-d659caa41d79	https://mks.edu.bh/superintendent/	Head of schools, Executive Admin Assistant	Not disclosed	Bachelor's Degree, Postgraduate Certificate in Education
\.


--
-- Data for Name: school_staff_languages; Type: TABLE DATA; Schema: public; Owner: postgres
--

COPY public.school_staff_languages (school_staff_id, language) FROM stdin;
5d82a4e6-bf83-4065-acef-c585f1da8d1e	es
1c908eab-8f65-41b4-9bb8-d659caa41d79	ar
1c908eab-8f65-41b4-9bb8-d659caa41d79	en
\.


--
-- Data for Name: school_staff_nationalities; Type: TABLE DATA; Schema: public; Owner: postgres
--

COPY public.school_staff_nationalities (school_staff_id, country) FROM stdin;
5d82a4e6-bf83-4065-acef-c585f1da8d1e	SA
5d82a4e6-bf83-4065-acef-c585f1da8d1e	QA
1c908eab-8f65-41b4-9bb8-d659caa41d79	AE
1c908eab-8f65-41b4-9bb8-d659caa41d79	BH
\.


--
-- Data for Name: schools; Type: TABLE DATA; Schema: public; Owner: postgres
--

COPY public.schools (forms_completed, last_form_step, type, year_established, created_at, updated_at, id, address, city, country, email, name, phone_number, website) FROM stdin;
f	1	1	2019	2025-09-12 06:43:41.340065	2025-09-12 06:43:41.340116	ad3f4a7f-ff69-4fce-8f67-a53870d337c8	 Building no. 4499, Road no. 6447, Block no. 264, Diyar	Diyar	BH	info@canadianschoolbh.com	Canadian School Bahrain	+97313691111	https://www.canadianschoolbh.com
f	4	1	2005	2025-09-12 09:59:26.149715	2025-09-12 10:03:53.408384	5d82a4e6-bf83-4065-acef-c585f1da8d1e	flat 509 building 1839 road 5715 block 257 amawaj	amwaj muharaq	QA	ahmedjedidi@yahoo.fr	test	+97333211190	https://www.ahlia.edu.bh/faculty/dr-ahmed-jedidi/
t	5	1	1995	2025-09-13 04:30:22.945052	2025-09-13 05:19:07.296963	1c908eab-8f65-41b4-9bb8-d659caa41d79	 Building 515, Block 342, Road 4209, Manama	Manama	BH	info@mks.edu.bh	Modern Knowledge Schools	+97317727838	\N
f	1	1	2003	2025-09-14 06:10:56.144509	2025-09-14 06:10:56.145156	ea16008b-443a-4135-ad6c-e7ab4fc339d6	villa 231D road 1005 block 1010 hamala	hhhh	QA	ahmedjedidi@yahoo.fr	dfg jjj	+97333211190	\N
\.


--
-- Data for Name: sustainability_practices; Type: TABLE DATA; Schema: public; Owner: postgres
--

COPY public.sustainability_practices (id, sustainability_practice) FROM stdin;
5d82a4e6-bf83-4065-acef-c585f1da8d1e	RECYCLING
5d82a4e6-bf83-4065-acef-c585f1da8d1e	SOLAR
1c908eab-8f65-41b4-9bb8-d659caa41d79	RECYCLING
\.


--
-- Data for Name: university_destinations; Type: TABLE DATA; Schema: public; Owner: postgres
--

COPY public.university_destinations (id, university_destination) FROM stdin;
5d82a4e6-bf83-4065-acef-c585f1da8d1e	jjj
5d82a4e6-bf83-4065-acef-c585f1da8d1e	jj
1c908eab-8f65-41b4-9bb8-d659caa41d79	universities in Bahrain, the Gulf region, Egypt, Jordon, the United Kingdom, Europe, Australia and the United States.
\.


--
-- Data for Name: user_schools; Type: TABLE DATA; Schema: public; Owner: postgres
--

COPY public.user_schools (id, school_id, user_id) FROM stdin;
75375143-4298-4868-9485-2aa9a5ba7184	ad3f4a7f-ff69-4fce-8f67-a53870d337c8	daa2b61f-ed79-4811-8413-56b3a51ba02b
6613884f-45fa-48b1-83d9-3fef0997b0ac	5d82a4e6-bf83-4065-acef-c585f1da8d1e	5747a1e1-30f2-47f7-bf8b-ac98bbd120d1
d56408d0-b983-42e9-95fa-919f18b8aa1f	1c908eab-8f65-41b4-9bb8-d659caa41d79	daa2b61f-ed79-4811-8413-56b3a51ba02b
9b967eca-d6d0-481f-a18a-ca5c53071522	ea16008b-443a-4135-ad6c-e7ab4fc339d6	5747a1e1-30f2-47f7-bf8b-ac98bbd120d1
\.


--
-- Data for Name: users; Type: TABLE DATA; Schema: public; Owner: postgres
--

COPY public.users (created_at, updated_at, id, email, first_name, last_name, password, role) FROM stdin;
2025-07-08 10:09:06.52	2025-07-08 10:09:06.52	907e3dc4-edfe-46c4-a3aa-9b4398190bc8	ajedidi@technoshark.org	Ahmed	Jdidi	$2a$10$VqPNFTokdpbWMuiWeU6oR.sr4nU33f8l0DkRqCgxCCMlqr.sR1VxC	SUPER_ADMIN
2025-07-08 10:09:06.72	2025-07-08 10:09:06.72	290d2ed4-473e-4ffa-8315-8e538dbad3d6	m.aziz.hlel@gmail.com	Aziz	Hlel	$2a$10$sUmrmVLK/sLQK5w41abj9unfD03cI0oqvKVMQ230QS7o32Tp3wRzC	SUPER_ADMIN
2025-07-14 10:46:52.611	2025-07-14 10:46:52.611	1ae4514b-3b4d-4d8f-8055-d70d2147c689	abdalmuttaleb@technoshark.org	Abdalmuttaleb	    	$2a$10$..C7LGLCpeWFTYBe9pMUz.VnCkzGL6dLj9cyXgcwEK0zXOwg4QOM.	SUPER_ADMIN
2025-09-11 15:28:48.814	2025-09-11 15:28:48.814	74a06592-ebf1-4c2a-9a4e-48d0e8a8b90e	raneem_taha@outlook.com	Raneem 	Taha	$2a$10$Tv.pdro.LhRWsmliqwvY7O3fD/HQXKpVPnTVdcCX6QGj7Hyo93JMm	ADMIN
2025-09-11 15:29:53.336	2025-09-11 15:29:53.336	daa2b61f-ed79-4811-8413-56b3a51ba02b	fatema.ebrahim.1990@gmail.com	Fatema 	Rawahi 	$2a$10$dUrsMDgSbPiFsvybv9z.b.FVKWcuUIQcQH09qu9dlrlmhZ/TsfS6G	ADMIN
2025-09-12 09:58:30.129	2025-09-12 09:58:30.129	5747a1e1-30f2-47f7-bf8b-ac98bbd120d1	ahmed@gmail.com	ahmed jedidi	jedidi	$2a$10$LRs/ACAPluqYF/pSJYK/fOsMtpbcedU2bCn6.oRgIMnR4i2tsY/WC	ADMIN
\.


--
-- Name: entity_test_id_seq; Type: SEQUENCE SET; Schema: public; Owner: postgres
--

SELECT pg_catalog.setval('public.entity_test_id_seq', 1, false);


--
-- Name: entity_test entity_test_pkey; Type: CONSTRAINT; Schema: public; Owner: postgres
--

ALTER TABLE ONLY public.entity_test
    ADD CONSTRAINT entity_test_pkey PRIMARY KEY (id);


--
-- Name: school_academics school_academics_pkey; Type: CONSTRAINT; Schema: public; Owner: postgres
--

ALTER TABLE ONLY public.school_academics
    ADD CONSTRAINT school_academics_pkey PRIMARY KEY (id);


--
-- Name: school_facilities school_facilities_pkey; Type: CONSTRAINT; Schema: public; Owner: postgres
--

ALTER TABLE ONLY public.school_facilities
    ADD CONSTRAINT school_facilities_pkey PRIMARY KEY (id);


--
-- Name: school_media school_media_pkey; Type: CONSTRAINT; Schema: public; Owner: postgres
--

ALTER TABLE ONLY public.school_media
    ADD CONSTRAINT school_media_pkey PRIMARY KEY (id);


--
-- Name: school_staff school_staff_pkey; Type: CONSTRAINT; Schema: public; Owner: postgres
--

ALTER TABLE ONLY public.school_staff
    ADD CONSTRAINT school_staff_pkey PRIMARY KEY (id);


--
-- Name: schools schools_pkey; Type: CONSTRAINT; Schema: public; Owner: postgres
--

ALTER TABLE ONLY public.schools
    ADD CONSTRAINT schools_pkey PRIMARY KEY (id);


--
-- Name: user_schools uklofmfash701d37nykob9sr3ne; Type: CONSTRAINT; Schema: public; Owner: postgres
--

ALTER TABLE ONLY public.user_schools
    ADD CONSTRAINT uklofmfash701d37nykob9sr3ne UNIQUE (user_id, school_id);


--
-- Name: user_schools user_schools_pkey; Type: CONSTRAINT; Schema: public; Owner: postgres
--

ALTER TABLE ONLY public.user_schools
    ADD CONSTRAINT user_schools_pkey PRIMARY KEY (id);


--
-- Name: user_schools user_schools_user_id_school_id_key; Type: CONSTRAINT; Schema: public; Owner: postgres
--

ALTER TABLE ONLY public.user_schools
    ADD CONSTRAINT user_schools_user_id_school_id_key UNIQUE (user_id, school_id);


--
-- Name: users users_email_key; Type: CONSTRAINT; Schema: public; Owner: postgres
--

ALTER TABLE ONLY public.users
    ADD CONSTRAINT users_email_key UNIQUE (email);


--
-- Name: users users_pkey; Type: CONSTRAINT; Schema: public; Owner: postgres
--

ALTER TABLE ONLY public.users
    ADD CONSTRAINT users_pkey PRIMARY KEY (id);


--
-- Name: school_accreditations fk1xfet69fsnh3lfo98bdlx560s; Type: FK CONSTRAINT; Schema: public; Owner: postgres
--

ALTER TABLE ONLY public.school_accreditations
    ADD CONSTRAINT fk1xfet69fsnh3lfo98bdlx560s FOREIGN KEY (school_id) REFERENCES public.school_academics(id);


--
-- Name: school_staff_languages fk2kykc1d0n5dbqh403bugn8gj5; Type: FK CONSTRAINT; Schema: public; Owner: postgres
--

ALTER TABLE ONLY public.school_staff_languages
    ADD CONSTRAINT fk2kykc1d0n5dbqh403bugn8gj5 FOREIGN KEY (school_staff_id) REFERENCES public.school_staff(id);


--
-- Name: school_media fk46l53jve44l3ih09flpdrlpl3; Type: FK CONSTRAINT; Schema: public; Owner: postgres
--

ALTER TABLE ONLY public.school_media
    ADD CONSTRAINT fk46l53jve44l3ih09flpdrlpl3 FOREIGN KEY (id) REFERENCES public.schools(id);


--
-- Name: school_levels fk489txseb81u0ox0p4ob8rmi05; Type: FK CONSTRAINT; Schema: public; Owner: postgres
--

ALTER TABLE ONLY public.school_levels
    ADD CONSTRAINT fk489txseb81u0ox0p4ob8rmi05 FOREIGN KEY (school_id) REFERENCES public.school_academics(id);


--
-- Name: facilities fk7x447x42ullrivjxy36gukio7; Type: FK CONSTRAINT; Schema: public; Owner: postgres
--

ALTER TABLE ONLY public.facilities
    ADD CONSTRAINT fk7x447x42ullrivjxy36gukio7 FOREIGN KEY (id) REFERENCES public.school_facilities(id);


--
-- Name: user_schools fk841q00rb2nye05ke1idnpvwql; Type: FK CONSTRAINT; Schema: public; Owner: postgres
--

ALTER TABLE ONLY public.user_schools
    ADD CONSTRAINT fk841q00rb2nye05ke1idnpvwql FOREIGN KEY (user_id) REFERENCES public.users(id);


--
-- Name: industry_partnerships fk9rdysuw6hxia7viwldy4utpwi; Type: FK CONSTRAINT; Schema: public; Owner: postgres
--

ALTER TABLE ONLY public.industry_partnerships
    ADD CONSTRAINT fk9rdysuw6hxia7viwldy4utpwi FOREIGN KEY (id) REFERENCES public.school_facilities(id);


--
-- Name: university_destinations fk9wafxpodmoqhcl9fxlkewrsvs; Type: FK CONSTRAINT; Schema: public; Owner: postgres
--

ALTER TABLE ONLY public.university_destinations
    ADD CONSTRAINT fk9wafxpodmoqhcl9fxlkewrsvs FOREIGN KEY (id) REFERENCES public.school_facilities(id);


--
-- Name: school_staff fkfoh8bib1l0lourm7q9skpleg8; Type: FK CONSTRAINT; Schema: public; Owner: postgres
--

ALTER TABLE ONLY public.school_staff
    ADD CONSTRAINT fkfoh8bib1l0lourm7q9skpleg8 FOREIGN KEY (id) REFERENCES public.schools(id);


--
-- Name: user_schools fkggq5cue5a3b74tgaj8qraayqi; Type: FK CONSTRAINT; Schema: public; Owner: postgres
--

ALTER TABLE ONLY public.user_schools
    ADD CONSTRAINT fkggq5cue5a3b74tgaj8qraayqi FOREIGN KEY (school_id) REFERENCES public.schools(id);


--
-- Name: school_staff_nationalities fklg7ipapgg8cjnagylrsd37tnr; Type: FK CONSTRAINT; Schema: public; Owner: postgres
--

ALTER TABLE ONLY public.school_staff_nationalities
    ADD CONSTRAINT fklg7ipapgg8cjnagylrsd37tnr FOREIGN KEY (school_staff_id) REFERENCES public.school_staff(id);


--
-- Name: school_academics fko75k4k71bu9iwgt579dafyyo; Type: FK CONSTRAINT; Schema: public; Owner: postgres
--

ALTER TABLE ONLY public.school_academics
    ADD CONSTRAINT fko75k4k71bu9iwgt579dafyyo FOREIGN KEY (id) REFERENCES public.schools(id);


--
-- Name: school_curriculums fko9mvyml9m31eq40st0a3ft1jq; Type: FK CONSTRAINT; Schema: public; Owner: postgres
--

ALTER TABLE ONLY public.school_curriculums
    ADD CONSTRAINT fko9mvyml9m31eq40st0a3ft1jq FOREIGN KEY (school_id) REFERENCES public.school_academics(id);


--
-- Name: sustainability_practices fkojxspwg21520oiyhn07iyvo6n; Type: FK CONSTRAINT; Schema: public; Owner: postgres
--

ALTER TABLE ONLY public.sustainability_practices
    ADD CONSTRAINT fkojxspwg21520oiyhn07iyvo6n FOREIGN KEY (id) REFERENCES public.school_facilities(id);


--
-- Name: accessibility_features fksuijvrtddy56a2xvauuumwegp; Type: FK CONSTRAINT; Schema: public; Owner: postgres
--

ALTER TABLE ONLY public.accessibility_features
    ADD CONSTRAINT fksuijvrtddy56a2xvauuumwegp FOREIGN KEY (id) REFERENCES public.school_facilities(id);


--
-- Name: school_facilities fktr6xoo136e0lcr9mcdjh7syj9; Type: FK CONSTRAINT; Schema: public; Owner: postgres
--

ALTER TABLE ONLY public.school_facilities
    ADD CONSTRAINT fktr6xoo136e0lcr9mcdjh7syj9 FOREIGN KEY (id) REFERENCES public.schools(id);


--
-- PostgreSQL database dump complete
--

